{"cameraMode":{"drawMode":0,"name":"Shaded","section":"Shading Mode"},"sceneLighting":true,"audioPlay":false,"sceneViewState":{"m_AlwaysRefresh":false,"showFog":true,"showSkybox":true,"showFlares":true,"showImageEffects":true,"showParticleSystems":true,"showVisualEffectGraphs":true,"m_FxEnabled":true},"in2DMode":false,"pivot":{"x":499.7803955078125,"y":258.04449462890627,"z":4.35650634765625},"rotation":{"x":-0.07306074351072312,"y":-0.041880082339048389,"z":-0.00307134329341352,"w":0.9964478611946106},"size":101.75433349609375,"orthographic":false}